☑️ Обработать,Артикул,ID InSales,Название товара,Исходные изображения,Парсинг Поставщика,Дополнительные фото,Обработанные изображения,Alt-теги,SEO имена файлов,Статус обработки,Статус InSales,Описание поставщика,Описание (рерайт AI),Краткое описание,Характеристики (сырые),Характеристики (норм.),Цена,Остаток,Категории,Бренд,Серия,"Вес, г",Габариты,Комплектация,Статус сопоставления,"Совпадение, %",Статус импорта
FALSE,26175,110534059,Зрительная труба Veber Snipe 20-60x80 GR Zoom,"https://static.insales-cdn.com/images/products/1/8148/166412244/23071-2.jpg
https://static.insales-cdn.com/images/products/1/8149/166412245/23071-3.jpg
https://static.insales-cdn.com/images/products/1/8147/166412243/23071-1.jpg
https://static.insales-cdn.com/images/products/1/8150/166412246/23071-4.jpg",,"https://static.insales-cdn.com/images/products/1/8148/166412244/23071-2.jpg
https://static.insales-cdn.com/images/products/1/8149/166412245/23071-3.jpg
https://static.insales-cdn.com/images/products/1/8147/166412243/23071-1.jpg
https://static.insales-cdn.com/images/products/1/8150/166412246/23071-4.jpg","https://i.ibb.co/XfDF5XZR/zritelnaya-truba-veber-snipe-gr-zoom.webp
https://i.ibb.co/Y4sgdwst/veber-snipe-gr-zoom-na-shtative-s-cheklom.webp
https://i.ibb.co/FbbNPD0M/veber-snipe-gr-zoom-greem-black-fokus.webp
https://i.ibb.co/gbT6njLg/zashchitniy-chekhol-veber-snipe.webp","Зрительная труба Veber Snipe 20-60x80 GR Zoom зеленая с черной отделкой
Зрительная труба Veber Snipe 20-60x80 GR Zoom на штативе с защитным чехлом
Зрительная труба Veber Snipe GR Zoom зеленая с черной фокусировкой
Защитный чехол для зрительной трубы Veber Snipe 20-60x80 GR Zoom","zritelnaya-truba-veber-snipe-gr-zoom
veber-snipe-gr-zoom-na-shtative-s-cheklom
veber-snipe-gr-zoom-greem-black-fokus
zashchitniy-chekhol-veber-snipe",Обработано,Отправлено ✅,,,,,,,,,,,,,,,,
TRUE,32894,,Бинокль Б-8 7*40,,"https://veber.ru/upload/iblock/ed6/7qk0fe51pr3ee78sbp2j7u7hl0wihn3f/DSC09852-copy.jpg
https://veber.ru/upload/iblock/052/crdaj95w1n63i5kw1b9s697a5r0twnos/DSC09846-copy.jpg
https://veber.ru/upload/iblock/acf/5b2duw7i5m30nh606osds93zu5cuv0l0/DSC09853-copy.jpg
https://veber.ru/upload/iblock/b8c/9bl9mr0k0t8ooi6jl863nkr3rcrmwby2/DSC09842-copy.jpg
https://veber.ru/upload/iblock/648/qhi1ok2wdluc641hctxby3dimsx93h8s/DSC09858-copy2.jpg
https://veber.ru/upload/iblock/061/0tf4vjsn5esy33dn1p2xfz3ssic335j5/DSC09861-copy.jpg
https://veber.ru/upload/iblock/1f3/lzw2lyplh1foxv8rasi15p03l3kzoiw4/DSC09839-copy.jpg
https://veber.ru/upload/iblock/50d/3bun6qztfmo0626xkro5g3s2ts3zo87j/DSC09833-copy.jpg
https://veber.ru/upload/iblock/cc6/v4bygbsi5kt3r8mgr4y6n1bg8z3rvu7j/SetkaB9740-_2_.jpg",,,,,Не обработано,Не отправлено,"Бинокль Б-8 7*40 – классический полевой бинокль в современном исполнении с многослойным просветлением оптики и высокой светосилой. Прибор сочетает в себе ретро-стиль с кожаной отделкой корпуса и современные оптические технологии. Комплектуется надежным кожаным футляром для транспортировки. Этот прибор наследует проверенную временем эргономичную конструкцию, предназначенную для профессионального наблюдения за удалёнными объектами в самых суровых условиях. Высокая чёткость, яркость изображения и реалистичная цветопередача расширяют сферу его применения: бинокль идеален для наблюдения за наземными и воздушными объектами, проведения охоты, берегового мониторинга и орнитологии. Современная оптика для безупречного изображения Сердцем бинокля является высококачественная оптика, выполненная по схеме Porro. Она собрана на основе призм из стекла BAK-4, что гарантирует отсутствие затемнений по краю поля зрения и максимальную светопередачу. Многослойное просветление (FMC), нанесенное на все поверхности линз, кардинально снижает блики и повышает светопропускание, гарантируя яркое и контрастное изображение даже в сумеречное время, чему способствует большой диаметр объективов 40 мм. Конструкция для работы в полевых условиях Прочный корпус из алюминиево-магниевого сплава (АМГ) надежно защищает внутренние механизмы от влаги, пыли и мелких ударов. Классическая кожаная отделка обеспечивает уверенный хват в любой ситуации, а сбалансированный вес не вызывает усталости при длительном использовании. Бинокль рассчитан на эксплуатацию в широком диапазоне температур от -43°C до +55°C, что делает его надежным инструментом в любой сезон. Функциональность для точных измерений Ключевой особенностью модели является измерительная сетка в правом окуляре, которая позволяет определять угловые размеры объектов и, при знании их точных габаритов, вычислять дальность до них. Раздельная фокусировка каждого окуляра обеспечивает точную и стабильную подстройку под индивидуальные особенности зрения пользователя, включая возможность компенсации диоптрийной разницы ±5D. Комплектация для максимальной защиты Бинокль поставляется в жестком футляре из натуральной кожи, который надежно предохраняет оптику от загрязнения, воздействия влаги и серьезных механических повреждений при переноске и хранении, гарантируя сохранность и долгий срок службы прибора. Особенности: Мощная оптика с увеличением 7x и апертурой 40 мм. Полное многослойное просветление для яркого изображения. Прочный влагозащищенный корпус (АМГ). Раздельная фокусировка для точной настройки. Измерительная сетка для измерения углов и дистанции до объектов. В комплекте надежный кожаный футляр.","{
  ""status"": ""fix"",
  ""issues"": [
    {
      ""type"": ""маркер ИИ"",
      ""where"": ""первый абзац"",
      ""before"": ""что делает бинокль идеальным спутником в любых погодных условиях"",
      ""after"": ""поэтому бинокль станет вашим идеальным спутником в любых погодных условиях"",
      ""why"": ""замена шаблонной конструкции на более естественную""
    },
    {
      ""type"": ""маркер ИИ"",
      ""where"": ""последний абзац"",
      ""before"": ""Это делает бинокль Б-8 незаменимым во время охоты, наземных наблюдений или орнитологических исследований."",
      ""after"": ""Бинокль Б-8 станет вашим незаменимым помощником во время охоты, наземных наблюдений или орнитологических исследований."",
      ""why"": ""замена шаблонной конструкции на более естественную""
    }
  ],
  ""clean"": ""Бинокль Б-8 7*40 (артикул 32894) сочетает в себе классический стиль и современные технологии, идеально подходя как для профессионалов, так и для любителей наблюдений. Оптика Porro с призмами BAK-4 и многослойным антибликовым покрытием обеспечивает яркое и чёткое изображение даже при слабом освещении. Семикратное увеличение и объективы диаметром 40 мм позволяют детально рассматривать удалённые объекты, а угол обзора в 8,9° открывает более широкую картину на расстоянии.\n\nКорпус из прочного алюминиево-магниевого сплава защищает механику от пыли и влаги, поэтому бинокль станет вашим идеальным спутником в любых погодных условиях, от -43°C до +55°C. Вес в 930 г и кожаная отделка корпуса обеспечивают удобный захват и комфорт в длительных походах. Раздельная фокусировка и корректировка диоптрий на ±5D позволяют настроить изображение под индивидуальные особенности зрения.\n\nДля удобства транспортировки и защиты в комплекте идёт кожаный футляр, который оберегает бинокль от повреждений. Бинокль Б-8 станет вашим незаменимым помощником во время охоты, наземных наблюдений или орнитологических исследований. С этим прибором вы сможете фиксировать мгновения природы или следить за воздушными объектами с максимальной чёткостью и комфортом."",
  ""diagnostics"": {
    ""hallucinations"": [],
    ""repeats_score"": 0.1,
    ""repeats_ignored"": [],
    ""html_ok"": true
  }
}","{
  ""status"": ""fix"",
  ""issues"": [
    {
      ""type"": ""маркер ИИ"",
      ""where"": ""первый абзац"",
      ""before"": ""что делает бинокль идеальным спутником в любых погодных условиях"",
      ""after"": ""поэтому бинокль станет вашим идеальным спутником...","{""Модель"":""Б-8 7*40"",""Увеличение"":""7x"",""Объектив, диаметр"":""40 мм"",""Диаметр выходного зрачка"":""5,7 мм"",""Удаление выходного зрачка"":""20 мм"",""Угловое поле зрения"":""8,9°"",""Линейное поле зрения (1000 м)"":""156 м"",""Сумерки (фактор)"":""16,7"",""Минимальное расстояние фокусировки"":""5 м"",""Диапазон диоптрийной коррекции"":""±5D"",""Межзрачковое расстояние"":""54-73 мм"",""Фокусировка"":""раздельная"",""Система призм"":""Porro"",""Стекло призм"":""BAK4"",""Оптическое просветление"":""многослойное антибликовое FMC"",""Защита от дождя"":""да"",""Диапазон рабочих температур"":""-43°С …+55°С"",""Материал"":""алюминиево-магниевый сплав"",""Размеры"":""115x182x60 мм"",""Вес"":""930 г"",""Размер упаковки"":""180х110х240 мм"",""Вес с упаковкой"":""1,66 кг""}","{""Параметр: Кратность увеличения, крат"":""7x"",""Параметр: Диаметр объектива, мм"":""40 мм"",""Параметр: Поле зрения на 1000 метров"":""156 м"",""Параметр: Оптическое покрытие"":""многослойное антибликовое FMC"",""Параметр: Марка стекла"":""BAK4"",""Параметр: Призменная схема"":""Porro"",""Параметр: Выходной зрачок, мм"":""5,7 мм"",""Параметр: Угол обзора, °"":""8,9°"",""Параметр: Способ фокусировки"":""раздельная"",""Параметр: Минимальная дистанция фокусировки, м"":""5 м"",""Параметр: Материал корпуса"":""алюминиево-магниевый сплав"",""Параметр: Защита от влаги и пыли"":""да"",""Параметр: Диапазон рабочих температур, °С"":""-43°С …+55°С"",""Параметр: Удаление выходного зрачка"":""20 мм"",""Параметр: Диоптрийная коррекция"":""±5D"",""Параметр: Сумеречный фактор"":""16,7"",""Параметр: Размер"":""115x182x60 мм"",""Параметр: Размер упаковки (ДхШхВ)"":""180х110х240 мм"",""Параметр: Вес упаковки"":""1,66 кг"",""Параметр: Вес, г"":""930 г""}",5000,0,,,,,,,Совпадений нет,,Импорт...